1,google.com
2,youtube.com
3,facebook.com
4,baidu.com
5,wikipedia.org
6,qq.com
7,taobao.com
8,yahoo.com
9,tmall.com
10,amazon.com
11,twitter.com
12,sohu.com
13,live.com
14,jd.com
15,vk.com
16,instagram.com
17,sina.com.cn
18,weibo.com
19,reddit.com
20,login.tmall.com
21,360.cn
22,yandex.ru
23,linkedin.com
24,blogspot.com
25,netflix.com
26,twitch.tv
27,whatsapp.com
28,pornhub.com
29,yahoo.co.jp
30,csdn.net
31,alipay.com
32,microsoftonline.com
33,naver.com
34,pages.tmall.com
35,microsoft.com
36,livejasmin.com
37,aliexpress.com
38,bing.com
39,ebay.com
40,github.com
41,tribunnews.com
42,google.com.hk
43,amazon.co.jp
44,stackoverflow.com
45,mail.ru
46,okezone.com
47,google.co.in
48,office.com
49,xvideos.com
50,msn.com
51,paypal.com
52,bilibili.com
53,hao123.com
54,imdb.com
55,t.co
56,fandom.com
57,imgur.com
58,xhamster.com
59,163.com
60,wordpress.com
61,apple.com
62,soso.com
63,google.com.br
64,booking.com
65,xinhuanet.com
66,adobe.com
67,pinterest.com
68,amazon.de
69,amazon.in
70,dropbox.com
71,bongacams.com
72,google.co.jp
73,babytree.com
74,detail.tmall.com
75,tumblr.com
76,google.ru
77,google.fr
78,google.de
79,so.com
80,cnblogs.com
81,quora.com
82,amazon.co.uk
83,detik.com
84,google.cn
85,bbc.com
86,force.com
87,deloplen.com
88,salesforce.com
89,pixnet.net
90,ettoday.net
91,cnn.com
92,onlinesbi.com
93,roblox.com
94,aparat.com
95,thestartmagazine.com
96,bbc.co.uk
97,google.es
98,amazonaws.com
99,google.it
100,tianya.cn
101,xnxx.com
102,rakuten.co.jp
103,chase.com
104,spotify.com
105,espn.com
106,craigslist.org
107,zhihu.com
108,soundcloud.com
109,discordapp.com
110,jianshu.com
111,nicovideo.jp
112,daum.net
113,medium.com
114,nytimes.com
115,cricbuzz.com
116,1688.com
117,google.co.uk
118,stackexchange.com
119,popads.net
120,nih.gov
121,mediafire.com
122,globo.com
123,indeed.com
124,sogou.com
125,researchgate.net
126,wetransfer.com
127,sindonews.com
128,avito.ru
129,vimeo.com
130,hotstar.com
131,butheptesitrew.pro
132,uol.com.br
133,trello.com
134,google.com.mx
135,w3schools.com
136,zhanqi.tv
137,china.com.cn
138,gmw.cn
139,chaturbate.com
140,zoom.us
141,godaddy.com
142,panda.tv
143,etsy.com
144,mercadolivre.com.br
145,slideshare.net
146,gloyah.net
147,fc2.com
148,theguardian.com
149,walmart.com
150,alibaba.com
151,caijing.com.cn
152,ok.ru
153,flipkart.com
154,shutterstock.com
155,ebay.de
156,duckduckgo.com
157,canva.com
158,ebay.co.uk
159,bukalapak.com
160,google.com.tw
161,freepik.com
162,amazon.fr
163,onlinevideoconverter.com
164,slack.com
165,amazon.it
166,google.com.tr
167,huanqiu.com
168,dailymotion.com
169,bankofamerica.com
170,aliyun.com
171,steamcommunity.com
172,espncricinfo.com
173,speedtest.net
174,youporn.com
175,kompas.com
176,liputan6.com
177,ltn.com.tw
178,indiatimes.com
179,yelp.com
180,hulu.com
181,blogger.com
182,spankbang.com
183,mama.cn
184,sciencedirect.com
185,eastday.com
186,myshopify.com
187,twimg.com
188,gamepedia.com
189,softonic.com
190,digikala.com
191,deviantart.com
192,vice.com
193,cnet.com
194,yts.lt
195,wellsfargo.com
196,steampowered.com
197,wikihow.com
198,weather.com
199,okta.com
200,douban.com
201,zillow.com
202,youm7.com
203,instructure.com
204,dspmulti.com
205,mega.nz
206,iqiyi.com
207,scribd.com
208,rednet.cn
209,cbbp1.com
210,google.ca
211,amazon.es
212,messenger.com
213,thepiratebay.org
214,udemy.com
215,tripadvisor.com
216,redd.it
217,mozilla.org
218,foxnews.com
219,savefrom.net
220,archive.org
221,google.pl
222,patria.org.ve
223,livedoor.jp
224,airbnb.com
225,gfycat.com
226,office365.com
227,dailymail.co.uk
228,rambler.ru
229,amazon.ca
230,google.com.sa
231,zendesk.com
232,tistory.com
233,line.me
234,setn.com
235,grid.id
236,toutiao.com
237,google.co.th
238,bet9ja.com
239,allegro.pl
240,exoclick.com
241,google.com.ar
242,ebay-kleinanzeigen.de
243,google.com.eg
244,yy.com
245,google.co.kr
246,zoho.com
247,abs-cbn.com
248,ikea.com
249,phengung.net
250,intuit.com
251,shopify.com
252,atlassian.net
253,gamersky.com
254,ibps.in
255,douyu.com
256,homedepot.com
257,patreon.com
258,pixabay.com
259,sarkariresult.com
260,google.co.id
261,bestbuy.com
262,3dmgame.com
263,dmm.co.jp
264,behance.net
265,youdao.com
266,kinopoisk.ru
267,9gag.com
268,52pojie.cn
269,varzesh3.com
270,ilovepdf.com
271,manoramaonline.com
272,usps.com
273,telegram.org
274,hubspot.com
275,washingtonpost.com
276,fiverr.com
277,breitbart.com
278,rt.com
279,momoshop.com.tw
280,hdfcbank.com
281,mailchimp.com
282,xfinity.com
283,hp.com
284,livejournal.com
285,hespress.com
286,otvfoco.com.br
287,primevideo.com
288,pornq.com
289,pinimg.com
290,academia.edu
291,americanexpress.com
292,elbalad.news
293,rutracker.org
294,zol.com.cn
295,jrj.com.cn
296,capitalone.com
297,openload.co
298,chouftv.ma
299,smallpdf.com
300,pixiv.net
301,box.com
302,ask.com
303,reverso.net
304,ebc.net.tw
305,bet365.com
306,forbes.com
307,ouo.io
308,wordpress.org
309,doubleclick.net
310,suara.com
311,ups.com
312,wikimedia.org
313,cdstm.cn
314,buzzfeed.com
315,ameblo.jp
316,mercadolibre.com.ar
317,kakaku.com
318,genius.com
319,17ok.com
320,oracle.com
321,1337x.to
322,fedex.com
323,elsevier.com
324,op.gg
325,kissanime.ru
326,mercadolibre.com.mx
327,namu.wiki
328,redtube.com
329,dell.com
330,sex.com
331,patch.com
332,gismeteo.ru
333,kumparan.com
334,healthline.com
335,youku.com
336,mi.com
337,cjl58f3agc.com
338,bnsjb1ab1e.com
339,susm0q6jys.com
340,aol.com
341,cdninstagram.com
342,google.com.au
343,outbrain.com
344,coinmarketcap.com
345,taboola.com
346,namnak.com
347,ctrip.com
348,google.com.sg
349,theepochtimes.com
350,samsung.com
351,65vk1fba34.com
352,dkn.tv
353,51sole.com
354,shaparak.ir
355,baike.com
356,yr9n47004g.com
357,ladbible.com
358,bitly.com
359,marca.com
360,upwork.com
361,accuweather.com
362,tencent.com
363,0byv9mgbn0.com
364,sberbank.ru
365,playstation.com
366,alnigeringcer.pro
367,feedly.com
368,l6b587txj1.com
369,siteadvisor.com
370,cloudfront.net
371,list.tmall.com
372,flickr.com
373,slickdeals.net
374,businessinsider.com
375,myanimelist.net
376,investing.com
377,wix.com
378,gamespot.com
379,zippyshare.com
380,biobiochile.cl
381,geeksforgeeks.org
382,evernote.com
383,myornamenti.com
384,divar.ir
385,asos.com
386,ensonhaber.com
387,springer.com
388,rarbg.to
389,glassdoor.com
390,idntimes.com
391,amazon.cn
392,uptodown.com
393,sahibinden.com
394,leboncoin.fr
395,sourceforge.net
396,namasha.com
397,grammarly.com
398,104.com.tw
399,friv.com
400,livedoor.com
401,cambridge.org
402,icicibank.com
403,yao.tmall.com
404,gearbest.com
405,bp.blogspot.com
406,billdesk.com
407,sdpnoticias.com
408,jf71qh5v14.com
409,theverge.com
410,icloud.com
411,360doc.com
412,wp.pl
413,citi.com
414,myway.com
415,webex.com
416,elpais.com
417,onet.pl
418,uidai.gov.in
419,irctc.co.in
420,themeforest.net
421,pulzo.com
422,weebly.com
423,giphy.com
424,gov.ao
425,blog.jp
426,qj.com.cn
427,goodreads.com
428,wordreference.com
429,adp.com
430,google.com.ua
431,inquirer.net
432,ria.ru
433,goo.ne.jp
434,userapi.com
435,alicdn.com
436,ndtv.com
437,target.com
438,usatoday.com
439,mercari.com
440,thesaurus.com
441,googlevideo.com
442,banggood.com
443,unsplash.com
444,ign.com
445,animeflv.net
446,olx.pl
447,weblio.jp
448,lenta.ru
449,ptt.cc
450,google.gr
451,360.com
452,albawabhnews.com
453,verystream.com
454,repubblica.it
455,tradingview.com
456,ecosia.org
457,metropoles.com
458,huffpost.com
459,rediff.com
460,olx.ua
461,mlb.com
462,taleo.net
463,ouedkniss.com
464,huawei.com
465,quizlet.com
466,mgid.com
467,nur.kz
468,fidelity.com
469,downdetector.com
470,kaskus.co.id
471,skype.com
472,pikabu.ru
473,crptgate.com
474,kapanlagi.com
475,alwafd.news
476,webmd.com
477,hatenablog.com
478,ultimate-guitar.com
479,tutorialspoint.com
480,freejobalert.com
481,y2mate.com
482,norton.com
483,asus.com
484,wowhead.com
485,wiley.com
486,mathrubhumi.com
487,bzw315.com
488,trendingnow.video
489,prothomalo.com
490,bancodevenezuela.com
491,cnbc.com
492,kakao.com
493,discogs.com
494,wixsite.com
495,gmx.net
496,6.cn
497,surveymonkey.com
498,artstation.com
499,asana.com
500,runoob.com
501,duba.com
502,files.wordpress.com
503,wiktionary.org
504,memurlar.net
505,nike.com
506,autodesk.com
507,pornhublive.com
508,urdupoint.com
509,gmarket.co.kr
510,segmentfault.com
511,google.com.vn
512,free.fr
513,ninisite.com
514,ca.gov
515,cnzz.com
516,popcash.net
517,emol.com
518,wsj.com
519,youth.cn
520,naukri.com
521,dianping.com
522,subscene.com
523,wattpad.com
524,jw.org
525,spiegel.de
526,japanpost.jp
527,trustpilot.com
528,gosuslugi.ru
529,list-manage.com
530,expedia.com
531,squarespace.com
532,telewebion.com
533,web.de
534,leagueoflegends.com
535,3c.tmall.com
536,pexels.com
537,hotels.com
538,gazeta.ru
539,ebay.it
540,google.com.pk
541,sonyliv.com
542,gmanetwork.com
543,best2019-games-web1.com
544,independent.co.uk
545,crunchyroll.com
546,as.com
547,hm.com
548,incometaxindiaefiling.gov.in
549,gamer.com.tw
550,cinecalidad.to
551,bild.de
552,bloomberg.com
553,91jm.com
554,seznam.cz
555,flvto.biz
556,myworkday.com
557,impress.co.jp
558,engadget.com
559,myanmarload.com
560,nhk.or.jp
561,ifeng.com
562,smzdm.com
563,heavy.com
564,lun.com
565,nexusmods.com
566,internetdownloadmanager.com
567,tokopedia.com
568,nyaa.si
569,alodokter.com
570,aksam.com.tr
571,gizmodo.com
572,dmm.com
573,gome.com.cn
574,blog.me
575,visualstudio.com
576,heroesofrpg.com
577,chess.com
578,v2ex.com
579,t66y.com
580,google.co.ve
581,reuters.com
582,lowes.com
583,orange.fr
584,eventbrite.com
585,nhentai.net
586,tenki.jp
587,ebay.com.au
588,ibm.com
589,google.co.za
590,5ch.net
591,udn.com
592,stremanp.com
593,ea.com
594,viva.co.id
595,lordsfilm.tv
596,b3z29k1uxb.com
597,kooora.com
598,bandcamp.com
599,google.cl
600,lifo.gr
601,eksisozluk.com
602,europa.eu
603,infobae.com
604,souq.com
605,justdial.com
606,blackboard.com
607,merdeka.com
608,jb51.net
609,minecraft.net
610,quintag.com
611,wish.com
612,att.com
613,oschina.net
614,agoda.com
615,indoxxi.studio
616,jiameng.com
617,td.com
618,discover.com
619,bitbucket.org
620,issuu.com
621,cloudflare.com
622,indiamart.com
623,beeg.com
624,drom.ru
625,126.com
626,mileroticos.com
627,costco.com
628,archiveofourown.org
629,www.gov.uk
630,rakuten.com
631,envato.com
632,auction.co.kr
633,chinaz.com
634,nikkei.com
635,dcard.tw
636,interia.pl
637,mit.edu
638,wunderground.com
639,go.com
640,adaranth.com
641,google.ro
642,politico.com
643,google.com.pe
644,azure.com
645,macys.com
646,merriam-webster.com
647,n11.com
648,epfindia.gov.in
649,storiespace.com
650,uniqlo.tmall.com
651,vidio.com
652,olx.com.br
653,intel.com
654,fbsbx.com
655,kickstarter.com
656,kknews.cc
657,ozon.ru
658,zhaopin.com
659,filehippo.com
660,service-now.com
661,e-hentai.org
662,thesun.co.uk
663,kerumal.com
664,hh.ru
665,urbandictionary.com
666,zhiding.cn
667,sxyprn.com
668,2movierulz.ac
669,cisco.com
670,dcinside.com
671,ieee.org
672,rbc.ru
673,cnnindonesia.com
674,libero.it
675,gstatic.com
676,banesconline.com
677,pchome.com.tw
678,realtor.com
679,joins.com
680,hotnewhiphop.com
681,cdiscount.com
682,naver.jp
683,newegg.com
684,rapidgator.net
685,google.com.co
686,t.me
687,kijiji.ca
688,drive2.ru
689,yespornplease.com
690,asahi.com
691,afreecatv.com
692,klix.ba
693,iqoption.com
694,uptobox.com
695,duolingo.com
696,getawesome2.com
697,in.gr
698,sputniknews.com
699,investopedia.com
700,nba.com
701,bolasport.com
702,11st.co.kr
703,thefreedictionary.com
704,uzone.id
705,techradar.com
706,gsmarena.com
707,marriott.com
708,dribbble.com
709,donga.com
710,brilio.net
711,hepsiburada.com
712,techtudo.com.br
713,nianhuo.tmall.com
714,coursera.org
715,hamariweb.com
716,npr.org
717,google.ch
718,americanas.com.br
719,vnexpress.net
720,avgle.com
721,ecleneue.com
722,lenovo.com
723,drudgereport.com
724,codepen.io
725,labanquepostale.fr
726,state.gov
727,khanacademy.org
728,canalrcn.com
729,shopee.tw
730,dawmal.com
731,coinbase.com
732,chatwork.com
733,ivi.ru
734,semanticscholar.org
735,google.co.ao
736,dytt8.net
737,t-online.de
738,sozcu.com.tr
739,hurriyet.com.tr
740,cctv.com
741,appledaily.com
742,huya.com
743,doc88.com
744,nownews.com
745,flaticon.com
746,subject.tmall.com
747,apkpure.com
748,scol.com.cn
749,ntralpenedhy.pro
750,motorsport.com
751,yandex.kz
752,elmundo.es
753,arxiv.org
754,kizlarsoruyor.com
755,concursolutions.com
756,fast.com
757,nature.com
758,4399.com
759,binance.com
760,rutor.info
761,itmedia.co.jp
762,google.pt
763,4pda.ru
764,blibli.com
765,storm.mg
766,verizonwireless.com
767,express.co.uk
768,legit.ng
769,pantip.com
770,royalbank.com
771,delta.com
772,utorrent.com
773,superuser.com
774,wildberries.ru
775,thewhizmarketing.com
776,feng.com
777,lifewire.com
778,corriere.it
779,turkiye.gov.tr
780,ebay.fr
781,mercadolibre.com.ve
782,gotporn.com
783,akoam.net
784,abola.pt
785,doorblog.jp
786,51cto.com
787,canada.ca
788,rarbgprx.org
789,southwest.com
790,teamviewer.com
791,chron.com
792,eporner.com
793,caixa.gov.br
794,58.com
795,amazon.com.mx
796,creditonebank.com
797,sci-hub.tw
798,cnbeta.com
799,seasonvar.ru
800,redfin.com
801,kompasiana.com
802,xe.com
803,coupang.com
804,shimo.im
805,cryptobrowser.site
806,inven.co.kr
807,pelisplus.co
808,discuss.com.hk
809,google.be
810,paytm.com
811,thingiverse.com
812,dafont.com
813,strava.com
814,news18.com
815,getpocket.com
816,payu.in
817,setare.com
818,eyny.com
819,andhrajyothy.com
820,timeanddate.com
821,chiphell.com
822,qualtrics.com
823,indiatoday.in
824,goal.com
825,bleacherreport.com
826,hesport.com
827,gyazo.com
828,ytimg.com
829,chip.de
830,bicentenariobu.com
831,ccleaner.com
832,hatena.ne.jp
833,square-enix.com
834,pole-emploi.fr
835,bol.uol.com.br
836,4chan.org
837,getbootstrap.com
838,uniqlo.com
839,exhentai.org
840,hupu.com
841,17track.net
842,wysasys.com
843,kayak.com
844,zara.com
845,nga.cn
846,gtarcade.com
847,food.tmall.com
848,howtogeek.com
849,weibo.cn
850,nypost.com
851,bankmellat.ir
852,nvzhuang.tmall.com
853,cbssports.com
854,atlassian.com
855,blizzard.com
856,axisbank.co.in
857,polygon.com
858,moneycontrol.com
859,prnt.sc
860,cimaclub.com
861,lefigaro.fr
862,vtv.vn
863,groupon.com
864,dawn.com
865,pandora.com
866,istockphoto.com
867,myfreecams.com
868,docusign.net
869,shopee.co.id
870,jooble.org
871,pngtree.com
872,google.dz
873,meetup.com
874,motor1.com
875,live.net
876,harvard.edu
877,kotaku.com
878,nbcnews.com
879,wayfair.com
880,clarin.com
881,mynet.com
882,secureserver.net
883,chegg.com
884,punchng.com
885,xbombo.com
886,westernjournal.com
887,usaa.com
888,nate.com
889,caliente.mx
890,ruliweb.com
891,beytoote.com
892,gogoanime.io
893,yandex.com
894,bhphotovideo.com
895,reallifecam.com
896,mawdoo3.com
897,kp.ru
898,cima4u.tv
899,telegraph.co.uk
900,google.at
901,ccm.net
902,shein.com
903,tabelog.com
904,google.nl
905,python.org
906,google.az
907,err.tmall.com
908,mayoclinic.org
909,indoxxi.show
910,notifications.website
911,docusign.com
912,uber.com
913,propdfconverter.com
914,fmovies.to
915,wondershare.com
916,reclameaqui.com.br
917,nvidia.com
918,tandfonline.com
919,sakshi.com
920,aa.com
921,narcity.com
922,milliyet.com.tr
923,mptentry.com
924,bellesa.co
925,178.com
926,ytmp3.cc
927,nextdoor.com
928,rottentomatoes.com
929,constantcontact.com
930,audible.com
931,epicgames.com
932,mobile.de
933,pcgamer.com
934,jma.go.jp
935,cam4.com
936,dw.com
937,media.tumblr.com
938,moocauby.com
939,spectrum.net
940,elmogaz.com
941,provincial.com
942,curseforge.com
943,subito.it
944,dictionary.com
945,marketwatch.com
946,dailypost.ng
947,intentmedia.net
948,prom.ua
949,eshkol.io
950,youjizz.com
951,jumia.com.ng
952,livescore.com
953,searchdimension.com
954,myntra.com
955,pornpics.com
956,yaplakal.com
957,dhl.de
958,xda-developers.com
959,thehindu.com
960,hootsuite.com
961,poste.it
962,ntdtv.kr
963,nexon.com
964,cbsnews.com
965,fullhdfilmizlesene.net
966,biblegateway.com
967,intoday.in
968,yadi.sk
969,wp.com
970,tebyan.net
971,fazenda.gov.br
972,ukr.net
973,bookmyshow.com
974,basecamp.com
975,expressvpn.com
976,makeuseof.com
977,google.sk
978,crunchbase.com
979,jugantor.com
980,tsinghua.edu.cn
981,elwatannews.com
982,neobux.com
983,socialblade.com
984,depositphotos.com
985,ctfile.com
986,usbank.com
987,lemonde.fr
988,lazada.sg
989,indosport.com
990,farfetch.com
991,gamib.com
992,gitlab.com
993,fanfiction.net
994,anjuke.com
995,battle.net
996,yallakora.com
997,creditkarma.com
998,codecanyon.net
999,allocine.fr
1000,ithome.com
1001,ruten.com.tw
